{
  "1": {
    "1": 0.826359212398529,
    "2": 0.842545211315155,
    "3": 0.9497200846672058,
    "4": 0.8346580862998962,
    "5": 0.7342939972877502
  }
}